User ID,Time (UTC),Survey Completion,Publisher Category,Gender,Age,Geography,Weight,Question #1 Answer 1: Genetic engineering,Question #1 Answer 2: Brain implants,Question #1 Answer 3: Synthetic materials,Question #1 Answer 4: Artificial intelligence,Question #1 Answer 5: Quantum computing,Question #1 Answer 6: Nuclear power,Question #1 Answer: None of the above,Question #2 Answer 1: New vaccine development,Question #2 Answer 2: Military drones,Question #2 Answer 3: Self-driving cars,Question #2 Answer 4: Satellite internet service,Question #2 Answer 5: Robotics,Question #2 Answer 6: Facial recognition algorithms,Question #2 Answer: None of the above,Question #3 Answer 1: Genetic engineering,Question #3 Answer 2: Brain implants,Question #3 Answer 3: Synthetic materials,Question #3 Answer 4: Artificial intelligence,Question #3 Answer 5: Quantum computing,Question #3 Answer 6: Nuclear power,Question #3 Answer: None of the above,Question #4 Answer 1: New vaccine development,Question #4 Answer 2: Military drones,Question #4 Answer 3: Self-driving cars,Question #4 Answer 4: Satellite internet service,Question #4 Answer 5: Robotics,Question #4 Answer 6: Facial recognition algorithms,Question #4 Answer: None of the above,Question #5 Answer,Question #6 Answer,Question #7 Answer,Question #8 Answer,Question #9 Answer,Question #10 Synonym Group,Question #10 Raw Response,Response Time #1 (ms),Response Time #2 (ms),Response Time #3 (ms),Response Time #4 (ms),Response Time #5 (ms),Response Time #6 (ms),Response Time #7 (ms),Response Time #8 (ms),Response Time #9 (ms),Response Time #10 (ms),Region,State,Q1_Score,Q2_Score,Q3_Score,Q4_Score,Q5_Score,Q6_Score,Q7_Score,Q8_Score,Q9_Score,Q10_Score,Total_Score
1021147487,2020-10-14 16:00:00,Complete,Mobile App,Male,25-34,US-MIDWEST-OH,0.4581498,Genetic engineering,Brain implants,,,,,,,Military drones,Self-driving cars,,,,,,,,,,,None of the above,,,Self-driving cars,,,,,3,7,4,5,6,Idk,Don't know,22441,23489,7664,8647,12893,3740,2402,15104,10809,50331,MIDWEST,OH,3.3333333333333335,3.3333333333333335,10.0,8.333333333333334,3.3333333333333335,10.0,5.0,3.3333333333333335,8.333333333333334,10.0,65.0
1029135716,2020-10-14 17:00:00,Complete,Mobile App,Male,35-44,US-SOUTH-VA,0.7434415,Genetic engineering,,,Artificial intelligence,,Nuclear power,,,,Self-driving cars,,Robotics,Facial recognition algorithms,,,,Synthetic materials,Artificial intelligence,,Nuclear power,,,,Self-driving cars,,Robotics,Facial recognition algorithms,,4,5,4,3,4,Idk,Not sure,16818,11258,9716,16569,6768,3142,3178,13818,4424,30781,SOUTH,VA,5.0,5.0,5.0,5.0,5.0,6.666666666666667,5.0,6.666666666666667,5.0,10.0,58.333333333333336
103065707,2020-10-14 23:00:00,Complete,Mobile App,Male,25-34,US-WEST-NM,0.4939591,Genetic engineering,,,,,,,,,Self-driving cars,,,,,Genetic engineering,Brain implants,Synthetic materials,Artificial intelligence,Quantum computing,Nuclear power,,New vaccine development,Military drones,Self-driving cars,Satellite internet service,Robotics,,,1,7,2,6,1,"Farming technology. We need advancements, maybe radical, that can help to end global hunger and advance space travel.","Farming technology. We need advancements, maybe radical, that can help to end global hunger and advance space travel.",35372,38519,28963,32996,7781,8532,16120,20043,12430,194360,WEST,NM,1.6666666666666667,1.6666666666666667,0.0,1.666666666666666,0.0,10.0,1.6666666666666667,1.6666666666666667,0.0,10.0,28.333333333333336
1069024216,2020-10-15 10:00:00,Complete,Mobile App,Male,25-34,US-MIDWEST-MO,0.4581498,,,,,,,None of the above,,,,,,,None of the above,,,,Artificial intelligence,,Nuclear power,,,,,Satellite internet service,,,,4,2,1,7,2,None,None,13976,13566,23198,13563,15287,10470,3896,35875,18269,29373,MIDWEST,MO,0.0,0.0,6.666666666666666,8.333333333333334,5.0,1.6666666666666667,0.0,0.0,1.6666666666666667,0.0,23.333333333333336
1081185896,2020-10-14 16:00:00,Complete,Mobile App,Female,18-24,US-NORTHEAST-NJ,0.6722174,Genetic engineering,Brain implants,,,,Nuclear power,,New vaccine development,Military drones,,Satellite internet service,,Facial recognition algorithms,,,,,Artificial intelligence,Quantum computing,,,,,Self-driving cars,,,Facial recognition algorithms,,2,2,5,5,4,Idk,Idk,13827,16655,12321,8199,5760,1833,2417,8615,5808,10294,NORTHEAST,NJ,5.0,6.666666666666667,6.666666666666666,6.666666666666666,1.6666666666666667,1.6666666666666667,6.666666666666667,3.3333333333333335,5.0,10.0,53.333333333333336
1092147137,2020-10-16 01:00:00,Complete,Mobile App,Female,35-44,US-SOUTH-KY,1.0359526,Genetic engineering,Brain implants,,Artificial intelligence,Quantum computing,Nuclear power,,New vaccine development,,Self-driving cars,,Robotics,Facial recognition algorithms,,Genetic engineering,Brain implants,,Artificial intelligence,Quantum computing,Nuclear power,,New vaccine development,,Self-driving cars,,Robotics,Facial recognition algorithms,,7,7,7,1,7,Genetic engineering,Genetic engineering,15849,12081,19240,9823,5099,2395,1690,12727,5945,19826,SOUTH,KY,8.333333333333334,6.666666666666667,1.666666666666666,3.333333333333333,10.0,10.0,10.0,10.0,10.0,10.0,80.0
1114709076,2020-10-15 05:00:00,Complete,Mobile App,Female,18-24,US-WEST-WY,0.5899117,Genetic engineering,Brain implants,Synthetic materials,Artificial intelligence,Quantum computing,Nuclear power,,New vaccine development,Military drones,Self-driving cars,Satellite internet service,Robotics,Facial recognition algorithms,,Genetic engineering,,Synthetic materials,,Quantum computing,Nuclear power,,New vaccine development,Military drones,,Satellite internet service,,Facial recognition algorithms,,5,5,5,4,3,Security,Security,10868,15581,18571,11104,5447,2487,2212,16279,5488,19862,WEST,WY,10.0,10.0,3.333333333333333,3.333333333333333,6.666666666666667,6.666666666666667,6.666666666666667,5.0,3.3333333333333335,10.0,65.0
1159405032,2020-10-15 02:00:00,Complete,Mobile App,Male,25-34,US-SOUTH-TX,0.6998774,Genetic engineering,Brain implants,Synthetic materials,,,,,New vaccine development,,,,,,,,,,Artificial intelligence,Quantum computing,Nuclear power,,New vaccine development,Military drones,Self-driving cars,Satellite internet service,Robotics,Facial recognition algorithms,,2,1,3,5,2,Big tech,Big tech,18173,11036,24168,11426,7970,13597,8584,10362,11309,25078,SOUTH,TX,5.0,1.6666666666666667,5.0,0.0,1.6666666666666667,0.0,3.3333333333333335,3.3333333333333335,1.6666666666666667,10.0,31.666666666666668
1165335898,2020-10-14 18:00:00,Complete,Mobile App,Female,18-24,US-SOUTH-KY,0.8358302,Genetic engineering,Brain implants,,,,Nuclear power,,,Military drones,Self-driving cars,,Robotics,Facial recognition algorithms,,Genetic engineering,Brain implants,,Artificial intelligence,,Nuclear power,,,Military drones,Self-driving cars,,Robotics,Facial recognition algorithms,,6,6,7,4,5,Security cameras; it seems like every day there's a story in the news about them getting hacked,Security cameras; it seems like every day there's a story in the news about them getting hacked,7267,7059,7452,6239,2842,2622,3233,8366,5067,61037,SOUTH,KY,5.0,6.666666666666667,3.333333333333333,3.333333333333333,8.333333333333334,8.333333333333334,10.0,5.0,6.666666666666667,10.0,66.66666666666666
1177277834,2020-10-16 01:00:00,Complete,Mobile App,Female,45-54,US-NORTHEAST-ME,1.9241365,,,Synthetic materials,Artificial intelligence,,Nuclear power,,,Military drones,,,,,,Genetic engineering,,Synthetic materials,Artificial intelligence,,Nuclear power,,New vaccine development,,,,Robotics,Facial recognition algorithms,,4,1,3,3,3,Idk,Not sure,19662,21955,20202,12147,9660,5145,6172,9689,8934,15472,NORTHEAST,ME,5.0,1.6666666666666667,3.333333333333333,5.0,5.0,0.0,3.3333333333333335,6.666666666666667,3.3333333333333335,10.0,43.333333333333336
120141388,2020-10-14 17:00:00,Complete,Mobile App,Female,55-64,US-WEST-MT,2.4463989,Genetic engineering,,,,,,,,,,,,,None of the above,,,,Artificial intelligence,,Nuclear power,,New vaccine development,,,,Robotics,,,4,3,5,5,3,Military and spyware,Military and spyware,13331,8611,9739,8015,8002,2438,6471,7335,5584,28047,WEST,MT,1.6666666666666667,0.0,6.666666666666666,6.666666666666666,5.0,3.3333333333333335,6.666666666666667,3.3333333333333335,3.3333333333333335,10.0,46.66666666666667
1208783181,2020-10-15 03:00:00,Complete,Mobile App,Male,65+,US-SOUTH-VA,3.744999,Genetic engineering,Brain implants,,,Quantum computing,Nuclear power,,,Military drones,Self-driving cars,,Robotics,,,,Brain implants,,,,,,,,,Satellite internet service,,,,4,4,4,5,5,Mainly robotics,Mainly robotics,23769,14916,22621,9015,5432,10407,5078,27092,8352,63367,SOUTH,VA,6.666666666666667,5.0,8.333333333333334,8.333333333333334,5.0,5.0,5.0,3.3333333333333335,6.666666666666667,10.0,63.333333333333336
1221096989,2020-10-15 03:00:00,Complete,Mobile App,Male,25-34,US-SOUTH-OK,0.6998774,Genetic engineering,,,,,,,,,,,,,None of the above,,,Synthetic materials,Artificial intelligence,Quantum computing,Nuclear power,,New vaccine development,Military drones,Self-driving cars,Satellite internet service,Robotics,Facial recognition algorithms,,5,2,1,6,1,"Not technology per day, but the crippling social and day-to-day reliance on said technology could cause massive issues as it continues to proliferate. Skills like ""hand calcs"" and face-to-face conversation are becoming a lost art.","Not technology per day, but the crippling social and day-to-day reliance on said technology could cause massive issues as it continues to proliferate. Skills like ""hand calcs"" and face-to-face conversation are becoming a lost art.",37511,9132,9634,7179,6105,3288,2401,6459,6869,174365,SOUTH,OK,1.6666666666666667,0.0,3.333333333333333,0.0,6.666666666666667,1.6666666666666667,0.0,1.6666666666666667,0.0,0.0,15.0
1231177184,2020-10-15 01:00:00,Complete,Mobile App,Female,35-44,US-MIDWEST-IN,0.6781494,,,,,,,None of the above,,,,,,,None of the above,,,Synthetic materials,Artificial intelligence,,,,,,,Satellite internet service,,Facial recognition algorithms,,1,1,1,6,1,None,None,10333,294208,7293,9299,2649,2055,3229,6537,14074,12216,MIDWEST,IN,0.0,0.0,6.666666666666666,6.666666666666666,0.0,0.0,0.0,1.6666666666666667,0.0,0.0,14.999999999999998
1239890916,2020-10-15 00:00:00,Complete,Mobile App,Male,55-64,US-MIDWEST-IA,1.6283612,,,,,,,None of the above,,,,,,Facial recognition algorithms,,,,Synthetic materials,,,Nuclear power,,,,Self-driving cars,Satellite internet service,Robotics,,,2,1,7,7,1,Surveillance technology,Surveillance technology,75486,24830,26444,34450,18353,6150,13382,17977,11567,102842,MIDWEST,IA,0.0,1.6666666666666667,6.666666666666666,5.0,1.6666666666666667,0.0,10.0,0.0,0.0,10.0,35.0
1249207865,2020-10-15 06:00:00,Complete,Mobile App,Male,35-44,US-MIDWEST-MN,0.4866675,Genetic engineering,,,,,,,,,,,,Facial recognition algorithms,,,,,,,,None of the above,,,,,,,None of the above,4,4,4,3,4,Stupid people,Stupid people,33673,21251,16313,5201,8992,2492,1613,11516,4180,15843,MIDWEST,MN,1.6666666666666667,1.6666666666666667,10.0,10.0,5.0,5.0,5.0,6.666666666666667,5.0,10.0,60.0
1252130348,2020-10-14 17:00:00,Complete,Mobile App,Female,45-54,US-WEST-AK,1.688547,,Brain implants,,,,Nuclear power,,New vaccine development,Military drones,,,,,,,,,,,,None of the above,,,,,,,None of the above,5,4,3,5,4,None,None,41500,18594,14501,8566,5633,5167,5015,16854,12595,13080,WEST,AK,3.3333333333333335,3.3333333333333335,10.0,10.0,6.666666666666667,5.0,3.3333333333333335,3.3333333333333335,5.0,0.0,50.00000000000001
1259993432,2020-10-14 18:00:00,Complete,Mobile App,Female,35-44,US-SOUTH-AL,1.0359526,Genetic engineering,Brain implants,Synthetic materials,Artificial intelligence,Quantum computing,Nuclear power,,New vaccine development,Military drones,,Satellite internet service,Robotics,Facial recognition algorithms,,,,,,,,None of the above,,,,,,,None of the above,7,2,7,6,2,Profiling,Profiling,71705,20263,7999,8946,6127,5180,3305,63408,7157,59106,SOUTH,AL,10.0,8.333333333333334,10.0,10.0,10.0,1.6666666666666667,10.0,1.6666666666666667,1.6666666666666667,10.0,73.33333333333333
1276712831,2020-10-14 16:00:00,Complete,Mobile App,Male,18-24,US-MIDWEST-OH,0.3926544,,,,,,,None of the above,,Military drones,,,,,,,,,,,,None of the above,,,,,,,None of the above,4,4,4,4,4,Robotics,Robots,10689,7401,3405,2811,2334,1149,1098,3861,1022,8378,MIDWEST,OH,0.0,1.6666666666666667,10.0,10.0,5.0,5.0,5.0,5.0,5.0,10.0,56.666666666666664
1295365880,2020-10-14 15:00:00,Complete,Mobile App,Female,25-34,US-NORTHEAST-NY,0.7843443,Genetic engineering,Brain implants,Synthetic materials,,,Nuclear power,,New vaccine development,Military drones,Self-driving cars,,,,,,Brain implants,,Artificial intelligence,,Nuclear power,,New vaccine development,Military drones,Self-driving cars,Satellite internet service,Robotics,,,3,6,3,5,3,Manufacturing automation,Manufacturing automation,19366,15230,16960,11130,4372,2725,2449,8202,6146,37378,NORTHEAST,NY,6.666666666666667,5.0,5.0,1.666666666666666,3.3333333333333335,8.333333333333334,3.3333333333333335,3.3333333333333335,3.3333333333333335,10.0,50.00000000000001
1308571909,2020-10-15 04:00:00,Complete,Mobile App,Female,35-44,US-WEST-AZ,0.731154,Genetic engineering,,,Artificial intelligence,,Nuclear power,,,,Self-driving cars,,,Facial recognition algorithms,,,,,,,,None of the above,,,,,,,None of the above,7,4,5,3,6,Not really sure,Not really sure,17291,13623,23452,45711,5656,9561,4034,20045,9843,36828,WEST,AZ,5.0,3.3333333333333335,10.0,10.0,10.0,5.0,6.666666666666667,6.666666666666667,8.333333333333334,0.0,65.0
131765472,2020-10-15 08:00:00,Complete,Mobile App,Male,18-24,US-MIDWEST-IA,0.3926544,Genetic engineering,,,,,,,,,Self-driving cars,,Robotics,Facial recognition algorithms,,Genetic engineering,Brain implants,,Artificial intelligence,,,,,Military drones,Self-driving cars,,Robotics,Facial recognition algorithms,,1,1,1,5,3,Weapons,Gun,13085,10257,10607,9205,6044,1972,3731,9537,6147,12465,MIDWEST,IA,1.6666666666666667,5.0,5.0,3.333333333333333,0.0,0.0,0.0,3.3333333333333335,3.3333333333333335,10.0,31.666666666666664
1323684317,2020-10-15 09:00:00,Complete,Mobile App,Female,45-54,US-NORTHEAST-PA,1.9241365,Genetic engineering,Brain implants,Synthetic materials,Artificial intelligence,,Nuclear power,,New vaccine development,Military drones,Self-driving cars,Satellite internet service,Robotics,Facial recognition algorithms,,Genetic engineering,Brain implants,Synthetic materials,Artificial intelligence,,Nuclear power,,New vaccine development,Military drones,Self-driving cars,Satellite internet service,Robotics,Facial recognition algorithms,,1,2,1,7,3,None,None,13109,10348,10377,8499,8841,3087,2206,9199,5971,12426,NORTHEAST,PA,8.333333333333334,10.0,1.666666666666666,0.0,0.0,1.6666666666666667,0.0,0.0,3.3333333333333335,0.0,25.0
1389981917,2020-10-14 15:00:00,Complete,Mobile App,Female,25-34,US-SOUTH-TX,0.975248,,Brain implants,,,,Nuclear power,,New vaccine development,Military drones,Self-driving cars,,,Facial recognition algorithms,,,,Synthetic materials,Artificial intelligence,,,,,,,,,,None of the above,3,6,6,3,5,None,None,24255,21769,19407,10070,7888,4243,8649,19972,17743,14843,SOUTH,TX,3.3333333333333335,6.666666666666667,6.666666666666666,10.0,3.3333333333333335,8.333333333333334,8.333333333333334,6.666666666666667,6.666666666666667,0.0,59.99999999999999
1405452724,2020-10-15 06:00:00,Complete,Mobile App,Female,25-34,US-WEST-WY,0.6883099,,,,Artificial intelligence,,Nuclear power,,,Military drones,,,,,,,,,,,,None of the above,,,,,,,None of the above,4,1,2,6,2,Idk,Idk,13503,23852,7138,7773,5277,3818,5894,7565,8444,62867,WEST,WY,3.3333333333333335,1.6666666666666667,10.0,10.0,5.0,0.0,1.6666666666666667,1.6666666666666667,1.6666666666666667,10.0,45.0
1405969253,2020-10-14 18:00:00,Complete,Mobile App,Female,35-44,US-SOUTH-TX,1.0359526,Genetic engineering,Brain implants,,Artificial intelligence,,Nuclear power,,New vaccine development,Military drones,Self-driving cars,,Robotics,,,,,Synthetic materials,Artificial intelligence,,,,New vaccine development,,,Satellite internet service,,Facial recognition algorithms,,5,6,5,3,6,None,None,24372,25869,9444,8899,7716,3744,3707,11969,9469,23969,SOUTH,TX,6.666666666666667,6.666666666666667,6.666666666666666,5.0,6.666666666666667,8.333333333333334,6.666666666666667,6.666666666666667,8.333333333333334,0.0,61.666666666666664
1423588308,2020-10-14 22:00:00,Complete,Mobile App,Female,35-44,US-NORTHEAST-NH,0.8331661,,,,Artificial intelligence,,,,,Military drones,,,,Facial recognition algorithms,,,,,,,,None of the above,,,,,,,None of the above,5,4,5,5,3,Government spying tech,Government spying tech,8435,7936,7196,2429,5056,3094,2089,10739,13140,29687,NORTHEAST,NH,1.6666666666666667,3.3333333333333335,10.0,10.0,6.666666666666667,5.0,6.666666666666667,3.3333333333333335,3.3333333333333335,10.0,60.00000000000001
1426384174,2020-10-14 16:00:00,Complete,Mobile App,Male,35-44,US-MIDWEST-MN,0.4866675,Genetic engineering,,,Artificial intelligence,,,,,,,,,,None of the above,,,,,,,None of the above,,,Self-driving cars,,Robotics,,,4,2,2,6,2,None,None,39334,11599,17160,17993,19114,15991,6222,30711,14296,14038,MIDWEST,MN,3.3333333333333335,0.0,10.0,6.666666666666666,5.0,1.6666666666666667,1.6666666666666667,1.6666666666666667,1.6666666666666667,0.0,31.66666666666667
1431176438,2020-10-15 06:00:00,Complete,Mobile App,Male,35-44,US-SOUTH-VA,0.7434415,Genetic engineering,Brain implants,,,,,,,,Self-driving cars,,,,,,,Synthetic materials,Artificial intelligence,,Nuclear power,,,Military drones,Self-driving cars,Satellite internet service,Robotics,Facial recognition algorithms,,3,7,2,5,1,Drone delivery,Drone delivery,39800,25506,18519,17573,10143,5075,5901,15470,18400,147579,SOUTH,VA,3.3333333333333335,1.6666666666666667,5.0,1.666666666666666,3.3333333333333335,10.0,1.6666666666666667,3.3333333333333335,0.0,10.0,40.0
1445691017,2020-10-15 04:00:00,Complete,Mobile App,Male,25-34,US-SOUTH-FL,0.6998774,,,,Artificial intelligence,,Nuclear power,,,Military drones,,,,Facial recognition algorithms,,,,,,,,None of the above,,,,,,,None of the above,5,4,6,5,4,None,None,13649,17030,6384,2254,5255,4325,2661,10751,9704,10913,SOUTH,FL,3.3333333333333335,3.3333333333333335,10.0,10.0,6.666666666666667,5.0,8.333333333333334,3.3333333333333335,5.0,0.0,55.00000000000001
1458007177,2020-10-14 21:00:00,Complete,Mobile App,Male,25-34,US-MIDWEST-IN,0.4581498,Genetic engineering,Brain implants,,Artificial intelligence,Quantum computing,Nuclear power,,New vaccine development,Military drones,,,,,,Genetic engineering,Brain implants,Synthetic materials,Artificial intelligence,,Nuclear power,,New vaccine development,Military drones,,,,,,6,2,3,5,4,None,None,256253,14969,17755,6775,7543,4050,3455,13084,17494,8190,MIDWEST,IN,8.333333333333334,3.3333333333333335,1.666666666666666,6.666666666666666,8.333333333333334,1.6666666666666667,3.3333333333333335,3.3333333333333335,5.0,0.0,41.66666666666667
1464625435,2020-10-15 04:00:00,Complete,Mobile App,Male,35-44,US-WEST-NM,0.5247057,,,,,,,None of the above,,,,,,,None of the above,,,,Artificial intelligence,,,,,,Self-driving cars,,Robotics,,,1,1,1,7,1,Government,Government,21206,9644,14600,8282,6932,4513,5722,8974,6427,9255,WEST,NM,0.0,0.0,8.333333333333334,6.666666666666666,0.0,0.0,0.0,0.0,0.0,10.0,25.0
1473954717,2020-10-14 18:00:00,Complete,Mobile App,Female,35-44,US-MIDWEST-IL,0.6781494,,,,,,,None of the above,,,Self-driving cars,,,,,,,,,,,None of the above,,,,,,,None of the above,1,5,1,6,2,Nothing,Nothing,27615,27466,6278,1698,2864,2663,1942,43264,4731,28210,MIDWEST,IL,0.0,1.6666666666666667,10.0,10.0,0.0,6.666666666666667,0.0,1.6666666666666667,1.6666666666666667,0.0,31.666666666666668
1480730143,2020-10-14 16:00:00,Complete,Mobile App,Male,25-34,US-WEST-AK,0.4939591,,,,,,,None of the above,,Military drones,,,,Facial recognition algorithms,,,,,Artificial intelligence,,Nuclear power,,New vaccine development,Military drones,Self-driving cars,,Robotics,,,2,2,5,6,3,Can't think of one,Can't think of one,10214,10801,39056,7139,7492,2278,2808,9725,7265,9573,WEST,AK,0.0,3.3333333333333335,6.666666666666666,3.333333333333333,1.6666666666666667,1.6666666666666667,6.666666666666667,1.6666666666666667,3.3333333333333335,10.0,38.33333333333333
149212948,2020-10-15 02:00:00,Complete,Mobile App,Male,25-34,US-SOUTH-MD,0.6998774,Genetic engineering,Brain implants,,Artificial intelligence,Quantum computing,Nuclear power,,New vaccine development,Military drones,Self-driving cars,Satellite internet service,,Facial recognition algorithms,,Genetic engineering,,,Artificial intelligence,Quantum computing,Nuclear power,,,,,,,Facial recognition algorithms,,7,6,7,7,4,Slower than light space travel,Slower than light space travel,9965,21813,27505,15158,3266,4974,6270,26724,6947,36827,SOUTH,MD,8.333333333333334,8.333333333333334,3.333333333333333,8.333333333333334,10.0,8.333333333333334,10.0,0.0,5.0,10.0,71.66666666666667
1514805296,2020-10-14 20:00:00,Complete,Mobile App,Male,18-24,US-SOUTH-KY,0.5998256,Genetic engineering,,,Artificial intelligence,,,,,Military drones,,,,Facial recognition algorithms,,,Brain implants,,,Quantum computing,Nuclear power,,,Military drones,Self-driving cars,Satellite internet service,Robotics,,,4,1,5,6,2,Internet Controled House,Internet Controled House,27435,23608,22310,12342,8831,5481,4684,7631,5644,77721,SOUTH,KY,3.3333333333333335,3.3333333333333335,5.0,3.333333333333333,5.0,0.0,6.666666666666667,1.6666666666666667,1.6666666666666667,10.0,40.0
1535721879,2020-10-15 02:00:00,Complete,Mobile App,Male,18-24,US-NORTHEAST-NJ,0.4824104,,Brain implants,,,,,,,,,,,,None of the above,,,,Artificial intelligence,Quantum computing,Nuclear power,,,,,Satellite internet service,Robotics,Facial recognition algorithms,,2,2,1,5,4,3D printing organic materials,3D printing organic materials,14163,9369,14003,9907,6551,3370,2444,6425,7391,65581,NORTHEAST,NJ,1.6666666666666667,0.0,5.0,5.0,1.6666666666666667,1.6666666666666667,0.0,3.3333333333333335,5.0,10.0,33.33333333333333
1538256549,2020-10-14 22:00:00,Complete,Mobile App,Female,45-54,US-WEST-WA,1.688547,Genetic engineering,Brain implants,,Artificial intelligence,,Nuclear power,,New vaccine development,Military drones,Self-driving cars,,Robotics,Facial recognition algorithms,,,,Synthetic materials,Artificial intelligence,,Nuclear power,,New vaccine development,Military drones,Self-driving cars,,Robotics,Facial recognition algorithms,,6,7,7,3,4,Foods that are GMO,Foods that are GMO,14135,16963,12982,13636,5063,2853,2262,10436,8941,32508,WEST,WA,6.666666666666667,8.333333333333334,5.0,1.666666666666666,8.333333333333334,10.0,10.0,6.666666666666667,5.0,10.0,71.66666666666666
156961028,2020-10-15 06:00:00,Complete,Mobile App,Female,35-44,US-WEST-WY,0.731154,,,,,,,None of the above,,Military drones,,,,,,,Brain implants,,,,,,,,,,,,None of the above,1,1,1,5,1,None,None,14903,12662,5388,5804,5271,3446,2512,8168,9380,16441,WEST,WY,0.0,1.6666666666666667,8.333333333333334,10.0,0.0,0.0,0.0,3.3333333333333335,0.0,0.0,23.333333333333332
1633292117,2020-10-14 22:00:00,Complete,Mobile App,Male,18-24,US-WEST-ID,0.4233445,,,,,,,None of the above,,,,,,,None of the above,,,,,,,None of the above,,,,,,,None of the above,1,1,1,6,1,None,None,2611,1883,8516,2876,6494,17170,2601,34501,9542,39115,WEST,ID,0.0,0.0,10.0,10.0,0.0,0.0,0.0,1.6666666666666667,0.0,0.0,21.666666666666668
1641918164,2020-10-15 00:00:00,Complete,Mobile App,Female,18-24,US-SOUTH-MD,0.8358302,Genetic engineering,,,Artificial intelligence,,Nuclear power,,,,,,,,None of the above,Genetic engineering,,,Artificial intelligence,,,,New vaccine development,,Self-driving cars,Satellite internet service,,Facial recognition algorithms,,5,3,4,5,4,Weapons,Weapons,18739,14356,12928,10599,6388,4246,4353,6704,5456,37054,SOUTH,MD,5.0,0.0,6.666666666666666,3.333333333333333,6.666666666666667,3.3333333333333335,5.0,3.3333333333333335,5.0,10.0,48.333333333333336
1667891305,2020-10-14 17:00:00,Complete,Mobile App,Male,35-44,US-SOUTH-NC,0.7434415,,,,Artificial intelligence,,,,,Military drones,,,,,,Genetic engineering,Brain implants,,,Quantum computing,Nuclear power,,,Military drones,Self-driving cars,Satellite internet service,,Facial recognition algorithms,,4,4,4,4,4,Love the advancement of technology,Love the advancement of technology,71727,6597,2690,1841,6165,1091,881,1158,1122,20444,SOUTH,NC,1.6666666666666667,1.6666666666666667,3.333333333333333,3.333333333333333,5.0,5.0,5.0,5.0,5.0,10.0,45.0
1734556961,2020-10-15 03:00:00,Complete,Mobile App,Male,65+,US-WEST-NV,2.643143,,Brain implants,,,,Nuclear power,,,,,,,,None of the above,,,,,,Nuclear power,,New vaccine development,Military drones,Self-driving cars,Satellite internet service,,,,7,7,4,5,4,War and bums,War and bums,49984,23708,25313,38912,17884,11749,21652,39748,37563,138393,WEST,NV,3.3333333333333335,0.0,8.333333333333334,3.333333333333333,10.0,10.0,5.0,3.3333333333333335,5.0,10.0,58.333333333333336
1757683325,2020-10-14 17:00:00,Complete,Mobile App,Male,18-24,US-MIDWEST-IA,0.3926544,,Brain implants,,Artificial intelligence,,Nuclear power,,,Military drones,,,Robotics,Facial recognition algorithms,,,Brain implants,,Artificial intelligence,,,,,,Self-driving cars,,,Facial recognition algorithms,,5,2,5,6,4,Weapons,Weapons,18233,10373,6125,17127,7123,9794,5652,19871,15292,24530,MIDWEST,IA,5.0,5.0,6.666666666666666,6.666666666666666,6.666666666666667,1.6666666666666667,6.666666666666667,1.6666666666666667,5.0,10.0,54.99999999999999
1769521194,2020-10-15 08:00:00,Complete,Mobile App,Female,25-34,US-MIDWEST-SD,0.6384113,,,,,,Nuclear power,,,,,,,,None of the above,,,Synthetic materials,,,,,,,,,,,None of the above,3,3,3,2,4,None,None,22481,21658,15221,20567,6965,2895,4014,14182,10888,12188,MIDWEST,SD,1.6666666666666667,0.0,8.333333333333334,10.0,3.3333333333333335,3.3333333333333335,3.3333333333333335,8.333333333333334,5.0,0.0,43.33333333333333
178661039,2020-10-14 23:00:00,Complete,Mobile App,Female,25-34,US-WEST-HI,0.6883099,,,,,,Nuclear power,,,Military drones,,,,,,,,,,,,None of the above,,,,,,,None of the above,4,4,4,5,4,Idk,,24390,12832,7130,5412,5201,2514,2506,6730,6539,10328,WEST,HI,1.6666666666666667,1.6666666666666667,10.0,10.0,5.0,5.0,5.0,3.3333333333333335,5.0,10.0,56.66666666666667
1796179615,2020-10-16 01:00:00,Complete,Mobile App,Female,45-54,US-MIDWEST-MN,1.5661368,,,,,,,None of the above,,Military drones,,,,,,Genetic engineering,,,Artificial intelligence,,,,New vaccine development,,Self-driving cars,,Robotics,,,4,1,4,6,3,Radiated meat,Radiated meat,9457,12079,7050,6392,2316,2123,2082,6768,4138,22340,MIDWEST,MN,0.0,1.6666666666666667,6.666666666666666,5.0,5.0,0.0,5.0,1.6666666666666667,3.3333333333333335,10.0,38.33333333333333
1836771745,2020-10-15 06:00:00,Complete,Mobile App,Male,18-24,US-WEST-CO,0.4233445,,,,,Quantum computing,,,,,,Satellite internet service,,,,,,,Artificial intelligence,,,,,,,,Robotics,,,4,4,4,3,5,None,None,12097,1434,1588,1001,7471,1670,1308,3567,1345,7470,WEST,CO,1.6666666666666667,1.6666666666666667,8.333333333333334,8.333333333333334,5.0,5.0,5.0,6.666666666666667,6.666666666666667,0.0,48.33333333333333
1858885845,2020-10-14 21:00:00,Complete,Mobile App,Male,65+,US-SOUTH-SC,3.744999,,,,,,,None of the above,,,,,,,None of the above,Genetic engineering,,Synthetic materials,Artificial intelligence,,,,New vaccine development,Military drones,Self-driving cars,,Robotics,,,3,5,3,6,2,Malware,Malware,36266,71374,26487,14171,11376,5252,27582,21526,13459,51907,SOUTH,SC,0.0,0.0,5.0,3.333333333333333,3.3333333333333335,6.666666666666667,3.3333333333333335,1.6666666666666667,1.6666666666666667,10.0,35.0
1864213987,2020-10-14 23:00:00,Complete,Mobile App,Male,35-44,US-NORTHEAST-VT,0.5979137,,Brain implants,,Artificial intelligence,,,,,,Self-driving cars,,,Facial recognition algorithms,,,,,,,,None of the above,,,Self-driving cars,,,Facial recognition algorithms,,4,7,6,4,4,Micro chip implants,Micro chip implants,26243,28100,14893,22773,10132,3025,7394,23499,15093,58954,NORTHEAST,VT,3.3333333333333335,3.3333333333333335,10.0,6.666666666666666,5.0,10.0,8.333333333333334,5.0,5.0,10.0,66.66666666666667
1877847704,2020-10-14 16:00:00,Complete,Mobile App,Male,25-34,US-NORTHEAST-CT,0.5628772,,Brain implants,,,,,,,,,,,Facial recognition algorithms,,,,,Artificial intelligence,,,,,Military drones,Self-driving cars,,Robotics,Facial recognition algorithms,,1,1,6,6,2,Anomalous behavior detection/prediction,Anomalous behavior detection/prediction,25588,12597,14664,9980,8847,2017,2941,6439,6604,199722,NORTHEAST,CT,1.6666666666666667,1.6666666666666667,8.333333333333334,3.333333333333333,0.0,0.0,8.333333333333334,1.6666666666666667,1.6666666666666667,10.0,36.66666666666667
1905803754,2020-10-14 19:00:00,Complete,Mobile App,Male,25-34,US-MIDWEST-KS,0.4581498,Genetic engineering,,,Artificial intelligence,,,,,Military drones,,,,Facial recognition algorithms,,Genetic engineering,Brain implants,Synthetic materials,Artificial intelligence,Quantum computing,Nuclear power,,New vaccine development,Military drones,Self-driving cars,Satellite internet service,Robotics,Facial recognition algorithms,,4,1,2,6,2,Space Military,Space Military,47307,15963,10355,10971,8191,3795,5498,11482,14478,96231,MIDWEST,KS,3.3333333333333335,3.3333333333333335,0.0,0.0,5.0,0.0,1.6666666666666667,1.6666666666666667,1.6666666666666667,10.0,26.666666666666668
1914928316,2020-10-14 20:00:00,Complete,Mobile App,Male,45-54,US-MIDWEST-IN,1.1239232,Genetic engineering,,Synthetic materials,,,Nuclear power,,,,Self-driving cars,,,,,,,Synthetic materials,Artificial intelligence,,Nuclear power,,,,Self-driving cars,Satellite internet service,Robotics,Facial recognition algorithms,,6,6,3,4,5,Idk,Unknown,27866,20985,19172,16650,11259,4469,5626,39339,9644,56520,MIDWEST,IN,5.0,1.6666666666666667,5.0,3.333333333333333,8.333333333333334,8.333333333333334,3.3333333333333335,5.0,6.666666666666667,10.0,56.66666666666667
1926298835,2020-10-14 22:00:00,Complete,Mobile App,Female,25-34,US-SOUTH-FL,0.975248,,,,,,Nuclear power,,,,,,,,None of the above,,,,,,,None of the above,,,,,,,None of the above,2,3,1,7,1,None,None,10836,43856,8455,50158,15801,6790,2768,8756,12108,11417,SOUTH,FL,1.6666666666666667,0.0,10.0,10.0,1.6666666666666667,3.3333333333333335,0.0,0.0,0.0,0.0,26.666666666666664
1937179697,2020-10-15 02:00:00,Complete,Mobile App,Male,25-34,US-NORTHEAST-CT,0.5628772,,,,,,,None of the above,,,,,,,None of the above,,,,Artificial intelligence,Quantum computing,Nuclear power,,,,Self-driving cars,,Robotics,,,3,1,1,5,4,I don't really worry about technology,I don't really worry about technology,12669,16922,13697,10342,8647,2646,2722,9533,8774,63584,NORTHEAST,CT,0.0,0.0,5.0,6.666666666666666,3.3333333333333335,0.0,0.0,3.3333333333333335,5.0,10.0,33.33333333333333
1940231849,2020-10-15 21:00:00,Complete,Mobile App,Female,35-44,US-MIDWEST-SD,0.6781494,Genetic engineering,Brain implants,Synthetic materials,Artificial intelligence,Quantum computing,Nuclear power,,New vaccine development,Military drones,Self-driving cars,Satellite internet service,Robotics,Facial recognition algorithms,,,,,Artificial intelligence,,,,,,,,Robotics,Facial recognition algorithms,,1,6,1,7,1,None,None,18516,8198,8222,10394,3729,4332,4740,6994,5342,13234,MIDWEST,SD,10.0,10.0,8.333333333333334,6.666666666666666,0.0,8.333333333333334,0.0,0.0,0.0,0.0,43.333333333333336
1948917891,2020-10-15 14:00:00,Complete,Mobile App,Male,35-44,US-MIDWEST-WI,0.4866675,Genetic engineering,,,,,,,,Military drones,,,,Facial recognition algorithms,,Genetic engineering,Brain implants,Synthetic materials,Artificial intelligence,Quantum computing,Nuclear power,,,,Self-driving cars,Satellite internet service,Robotics,Facial recognition algorithms,,4,3,6,5,2,Computer algorythms used for criminal sentencing.,Computer algorythms used for criminal sentencing.,14976,14035,30391,14179,7410,4772,5605,12754,8791,115671,MIDWEST,WI,1.6666666666666667,3.3333333333333335,0.0,3.333333333333333,5.0,3.3333333333333335,8.333333333333334,3.3333333333333335,1.6666666666666667,10.0,40.0
1993076506,2020-10-14 20:00:00,Complete,Mobile App,Male,18-24,US-NORTHEAST-CT,0.4824104,,Brain implants,,,,,,,,Self-driving cars,,,Facial recognition algorithms,,Genetic engineering,Brain implants,Synthetic materials,Artificial intelligence,Quantum computing,Nuclear power,,New vaccine development,Military drones,Self-driving cars,Satellite internet service,Robotics,,,4,5,5,5,4,"Deep fakes, and illegitimate information","Deep fakes, and illegitimate information",16553,10488,11236,13624,60094,3990,2824,6799,6651,45498,NORTHEAST,CT,1.6666666666666667,3.3333333333333335,0.0,1.666666666666666,5.0,6.666666666666667,6.666666666666667,3.3333333333333335,5.0,10.0,43.33333333333333
1999685871,2020-10-14 21:00:00,Complete,Mobile App,Male,18-24,US-SOUTH-SC,0.5998256,Genetic engineering,,,Artificial intelligence,,,,,Military drones,,,,Facial recognition algorithms,,,Brain implants,,Artificial intelligence,Quantum computing,Nuclear power,,,,Self-driving cars,,,Facial recognition algorithms,,1,3,7,6,1,Idk,na,7488,5292,7740,4977,2805,2853,2024,7824,3145,5335,SOUTH,SC,3.3333333333333335,3.3333333333333335,3.333333333333333,6.666666666666666,0.0,3.3333333333333335,10.0,1.6666666666666667,0.0,10.0,41.666666666666664
2022546143,2020-10-15 04:00:00,Complete,Mobile App,Male,45-54,US-SOUTH-TX,1.7169242,Genetic engineering,,,,,Nuclear power,,,Military drones,Self-driving cars,,,,,,,Synthetic materials,Artificial intelligence,,Nuclear power,,,,Self-driving cars,,,,,4,6,5,7,2,None,None,24568,14038,10333,10700,8111,3081,4434,8910,3613,11714,SOUTH,TX,3.3333333333333335,3.3333333333333335,5.0,8.333333333333334,5.0,8.333333333333334,6.666666666666667,0.0,1.6666666666666667,0.0,41.666666666666664
2056624368,2020-10-15 09:00:00,Complete,Mobile App,Male,65+,US-NORTHEAST-ME,3.0119198,Genetic engineering,,Synthetic materials,Artificial intelligence,,,,,,Self-driving cars,,,Facial recognition algorithms,,,,,,,Nuclear power,,,,,,,,None of the above,5,6,6,2,5,fake food,fake food,35662,19555,10946,11982,7081,4731,5521,12242,14140,63740,NORTHEAST,ME,5.0,3.3333333333333335,8.333333333333334,10.0,6.666666666666667,8.333333333333334,8.333333333333334,8.333333333333334,6.666666666666667,10.0,75.00000000000001
2098831671,2020-10-15 11:00:00,Complete,Mobile App,Male,35-44,US-MIDWEST-KS,0.4866675,Genetic engineering,,,Artificial intelligence,,,,,,,,,,None of the above,,,,,,,None of the above,,,,,,,None of the above,4,4,4,6,3,Ai self aware,Ai self aware,33413,15523,6387,3038,3429,2076,2177,9283,7133,35386,MIDWEST,KS,3.3333333333333335,0.0,10.0,10.0,5.0,5.0,5.0,1.6666666666666667,3.3333333333333335,10.0,53.333333333333336
2112422501,2020-10-14 18:00:00,Complete,Mobile App,Female,65+,US-MIDWEST-MN,3.4160978,Genetic engineering,,,Artificial intelligence,Quantum computing,Nuclear power,,New vaccine development,Military drones,Self-driving cars,,,,,Genetic engineering,,,Artificial intelligence,Quantum computing,Nuclear power,,New vaccine development,Military drones,Self-driving cars,,,,,5,4,4,4,4,Technology in the work field that could result in people losing their jobs if technology takes over.,Technology in the work field that could result in people losing their jobs if technology takes over.,9717,11016,6665,6400,4860,2119,2217,6357,6352,30564,MIDWEST,MN,6.666666666666667,5.0,3.333333333333333,5.0,6.666666666666667,5.0,5.0,5.0,5.0,10.0,56.66666666666667
2115794843,2020-10-14 16:00:00,Complete,Mobile App,Male,25-34,US-MIDWEST-IL,0.4581498,,,,,,Nuclear power,,,Military drones,,,,Facial recognition algorithms,,Genetic engineering,,,Artificial intelligence,Quantum computing,Nuclear power,,New vaccine development,,Self-driving cars,Satellite internet service,Robotics,Facial recognition algorithms,,2,1,6,3,6,Google Opinion Rewards,Google Opinion Rewards,9037,5501,11676,8875,4080,1883,2039,6220,4320,13789,MIDWEST,IL,1.6666666666666667,3.3333333333333335,3.333333333333333,1.666666666666666,1.6666666666666667,0.0,8.333333333333334,6.666666666666667,8.333333333333334,10.0,45.0
212083711,2020-10-15 06:00:00,Complete,Mobile App,Female,35-44,US-SOUTH-WV,1.0359526,,,,,,Nuclear power,,,Military drones,Self-driving cars,,Robotics,Facial recognition algorithms,,,,,,,,None of the above,New vaccine development,,,,,,,5,7,7,4,6,Robotics,Robotics,10692,16095,13848,15494,4978,3767,2284,9007,5897,22476,SOUTH,WV,1.6666666666666667,6.666666666666667,10.0,8.333333333333334,6.666666666666667,10.0,10.0,5.0,8.333333333333334,10.0,76.66666666666667
213763760,2020-10-14 16:00:00,Complete,Mobile App,Male,45-54,US-MIDWEST-KS,1.1239232,Genetic engineering,Brain implants,,Artificial intelligence,,,,,,Self-driving cars,,,Facial recognition algorithms,,,,,,,,None of the above,,,,,,,None of the above,5,6,6,4,3,Social media,Social media,16981,18035,14764,11140,4938,3030,3294,16506,7853,17105,MIDWEST,KS,5.0,3.3333333333333335,10.0,10.0,6.666666666666667,8.333333333333334,8.333333333333334,5.0,3.3333333333333335,10.0,70.0
221767156,2020-10-14 20:00:00,Complete,Mobile App,Female,55-64,US-NORTHEAST-VT,2.7877255,Genetic engineering,Brain implants,,Artificial intelligence,,Nuclear power,,,,,,,,None of the above,,,,Artificial intelligence,,Nuclear power,,New vaccine development,,Self-driving cars,,,Facial recognition algorithms,,5,4,5,3,4,Data security,Data security,35749,13489,40788,11949,4033,3047,2740,9983,6832,24084,NORTHEAST,VT,6.666666666666667,0.0,6.666666666666666,5.0,6.666666666666667,5.0,6.666666666666667,6.666666666666667,5.0,10.0,58.33333333333333
257967632,2020-10-14 15:00:00,Complete,Mobile App,Female,45-54,US-WEST-MT,1.688547,,,,,,,None of the above,,,,,,,None of the above,,,,,,,None of the above,,,,,,,None of the above,2,2,2,4,2,Idk,,20822,14360,13952,3133,4327,2530,2120,10645,9343,9665,WEST,MT,0.0,0.0,10.0,10.0,1.6666666666666667,1.6666666666666667,1.6666666666666667,5.0,1.6666666666666667,10.0,41.66666666666667
262541720,2020-10-14 17:00:00,Complete,Mobile App,Female,25-34,US-WEST-CO,0.6883099,,,,,,,None of the above,,Military drones,,,,,,,,,,,,None of the above,,,,,,,None of the above,2,1,2,6,2,Military swarm robotics,Military swarm robotics,9372,8083,8249,4619,4173,2209,1525,5801,4929,80667,WEST,CO,0.0,1.6666666666666667,10.0,10.0,1.6666666666666667,0.0,1.6666666666666667,1.6666666666666667,1.6666666666666667,10.0,38.333333333333336
265673305,2020-10-14 15:00:00,Complete,Mobile App,Male,35-44,US-SOUTH-AR,0.7434415,Genetic engineering,,,Artificial intelligence,,,,,,,,,Facial recognition algorithms,,Genetic engineering,Brain implants,Synthetic materials,Artificial intelligence,Quantum computing,Nuclear power,,New vaccine development,Military drones,Self-driving cars,Satellite internet service,Robotics,Facial recognition algorithms,,7,2,7,4,7,Artificial intelligence,Artificial intelligence,10521,9030,12193,5399,3067,5968,3571,10103,5217,6299,SOUTH,AR,3.3333333333333335,1.6666666666666667,0.0,0.0,10.0,1.6666666666666667,10.0,5.0,10.0,10.0,51.66666666666667
334569612,2020-10-14 17:00:00,Complete,Mobile App,Female,55-64,US-SOUTH-MD,3.4662374,Genetic engineering,Brain implants,Synthetic materials,Artificial intelligence,,Nuclear power,,,,,,,,None of the above,,,,,,,None of the above,,,Self-driving cars,,,Facial recognition algorithms,,4,3,3,5,3,Cloning,Cloning,20904,13904,23861,13851,10252,4249,3508,12970,6190,36713,SOUTH,MD,8.333333333333334,0.0,10.0,6.666666666666666,5.0,3.3333333333333335,3.3333333333333335,3.3333333333333335,3.3333333333333335,10.0,53.33333333333334
364677112,2020-10-15 14:00:00,Complete,Mobile App,Male,45-54,US-MIDWEST-MN,1.1239232,Genetic engineering,Brain implants,,Artificial intelligence,,,,New vaccine development,,,,,Facial recognition algorithms,,Genetic engineering,Brain implants,Synthetic materials,Artificial intelligence,Quantum computing,Nuclear power,,New vaccine development,Military drones,Self-driving cars,Satellite internet service,Robotics,Facial recognition algorithms,,2,2,6,5,5,Algorithms to predict an individual's behavior,Algorithms to predict an individual's behavior,15033,15042,7699,7746,3452,2610,3459,8422,7110,62737,MIDWEST,MN,5.0,3.3333333333333335,0.0,0.0,1.6666666666666667,1.6666666666666667,8.333333333333334,3.3333333333333335,6.666666666666667,10.0,40.0
44326539,2020-10-14 19:00:00,Complete,Mobile App,Female,25-34,US-SOUTH-TN,0.975248,,,,,,Nuclear power,,,,,,,Facial recognition algorithms,,Genetic engineering,Brain implants,Synthetic materials,Artificial intelligence,Quantum computing,Nuclear power,,New vaccine development,Military drones,Self-driving cars,,Robotics,Facial recognition algorithms,,1,1,6,4,5,Remote learning with no clear set path,Remote learning with no clear set path,11048,9531,13252,17934,5437,3325,2034,6144,6289,28703,SOUTH,TN,1.6666666666666667,1.6666666666666667,0.0,1.666666666666666,0.0,0.0,8.333333333333334,5.0,6.666666666666667,10.0,35.0
455214331,2020-10-14 17:00:00,Complete,Mobile App,Male,18-24,US-WEST-AK,0.4233445,,,,Artificial intelligence,,,,,,Self-driving cars,,,Facial recognition algorithms,,Genetic engineering,,,,,Nuclear power,,New vaccine development,Military drones,Self-driving cars,Satellite internet service,Robotics,Facial recognition algorithms,,3,2,3,5,3,Synthetic human,Synthetic human,10393,14001,5593,5571,4933,6171,2633,8634,4436,23666,WEST,AK,1.6666666666666667,3.3333333333333335,6.666666666666666,0.0,3.3333333333333335,1.6666666666666667,3.3333333333333335,3.3333333333333335,3.3333333333333335,10.0,36.666666666666664
543241820,2020-10-14 18:00:00,Complete,Mobile App,Female,25-34,US-MIDWEST-OH,0.6384113,,Brain implants,,Artificial intelligence,,Nuclear power,,,Military drones,,,,Facial recognition algorithms,,,,,,Quantum computing,Nuclear power,,,,,Satellite internet service,,,,6,1,7,5,3,None,None,27028,11333,20475,8045,3188,2327,2482,5691,29679,27444,MIDWEST,OH,5.0,3.3333333333333335,6.666666666666666,8.333333333333334,8.333333333333334,0.0,10.0,3.3333333333333335,3.3333333333333335,0.0,48.33333333333334
588178134,2020-10-15 16:00:00,Complete,Mobile App,Male,25-34,US-MIDWEST-OH,0.4581498,Genetic engineering,Brain implants,,Artificial intelligence,,Nuclear power,,New vaccine development,Military drones,,,Robotics,,,Genetic engineering,,,Artificial intelligence,,Nuclear power,,New vaccine development,Military drones,,,Robotics,Facial recognition algorithms,,5,3,4,4,4,Smart Technology,Smart Technology,81617,27039,23223,24466,7963,7734,4262,8788,6962,92563,MIDWEST,OH,6.666666666666667,5.0,5.0,3.333333333333333,6.666666666666667,3.3333333333333335,5.0,5.0,5.0,10.0,55.0
592364495,2020-10-15 09:00:00,Complete,Mobile App,Male,25-34,US-WEST-WA,0.4939591,,,,,,,None of the above,,Military drones,,,,Facial recognition algorithms,,,,,Artificial intelligence,Quantum computing,,,,Military drones,Self-driving cars,Satellite internet service,Robotics,Facial recognition algorithms,,2,2,5,6,1,Internet user tracking,Internet user tracking,14341,12367,9822,9717,4855,1879,6466,8407,8273,32531,WEST,WA,0.0,3.3333333333333335,6.666666666666666,1.666666666666666,1.6666666666666667,1.6666666666666667,6.666666666666667,1.6666666666666667,0.0,10.0,33.33333333333333
593169057,2020-10-15 01:00:00,Complete,Mobile App,Male,18-24,US-NORTHEAST-NY,0.4824104,,Brain implants,Synthetic materials,Artificial intelligence,Quantum computing,Nuclear power,,New vaccine development,Military drones,,Satellite internet service,Robotics,Facial recognition algorithms,,Genetic engineering,,,Artificial intelligence,Quantum computing,Nuclear power,,New vaccine development,Military drones,,Satellite internet service,Robotics,Facial recognition algorithms,,4,1,4,5,1,Brain implants,Brain implants,32895,19217,24902,19611,12184,6704,6557,28343,16254,54113,NORTHEAST,NY,8.333333333333334,8.333333333333334,3.333333333333333,1.666666666666666,5.0,0.0,5.0,3.3333333333333335,0.0,10.0,45.0
603969,2020-10-15 03:00:00,Complete,Mobile App,Male,18-24,US-SOUTH-WV,0.5998256,Genetic engineering,Brain implants,,Artificial intelligence,,Nuclear power,,,Military drones,,,,Facial recognition algorithms,,,,,Artificial intelligence,,,,,,Self-driving cars,,Robotics,Facial recognition algorithms,,5,3,5,5,4,Voice recognition,Voice recognition,25272,16649,16067,7184,11745,4145,2805,11416,6360,21275,SOUTH,WV,6.666666666666667,3.3333333333333335,8.333333333333334,5.0,6.666666666666667,3.3333333333333335,6.666666666666667,3.3333333333333335,5.0,10.0,58.333333333333336
611322364,2020-10-15 19:00:00,Complete,Mobile App,Female,35-44,US-SOUTH-NC,1.0359526,Genetic engineering,Brain implants,Synthetic materials,Artificial intelligence,,,,New vaccine development,,Self-driving cars,,,,,Genetic engineering,Brain implants,Synthetic materials,,,Nuclear power,,,Military drones,Self-driving cars,Satellite internet service,Robotics,Facial recognition algorithms,,5,7,4,5,6,"Any- & every-thing that lowers human contact, affects the human body, & animals.","Any- & every-thing that lowers human contact, affects the human body, & animals.",14166,19928,13358,9861,7708,4864,3553,7167,5518,162661,SOUTH,NC,6.666666666666667,3.3333333333333335,3.333333333333333,1.666666666666666,6.666666666666667,10.0,5.0,3.3333333333333335,8.333333333333334,10.0,58.333333333333336
61322088,2020-10-15 00:00:00,Complete,Mobile App,Male,18-24,US-NORTHEAST-NY,0.4824104,,,,,,,None of the above,,Military drones,,,,Facial recognition algorithms,,,,,,,Nuclear power,,,,Self-driving cars,,,,,3,4,6,6,2,Lack of encryption,Lack of encryption,11869,17405,10896,6983,5556,3220,2404,10181,29553,29759,NORTHEAST,NY,0.0,3.3333333333333335,8.333333333333334,8.333333333333334,3.3333333333333335,5.0,8.333333333333334,1.6666666666666667,1.6666666666666667,10.0,49.99999999999999
617187630,2020-10-15 08:00:00,Complete,Mobile App,Female,18-24,US-NORTHEAST-PA,0.6722174,,,,,Quantum computing,Nuclear power,,,Military drones,,,,,,,,Synthetic materials,Artificial intelligence,,,,New vaccine development,,,,Robotics,,,4,3,4,7,1,If it will kill us.,If it will kill us.,10037,8288,7874,6932,4962,3665,2395,15450,2924,9844,NORTHEAST,PA,3.3333333333333335,1.6666666666666667,6.666666666666666,6.666666666666666,5.0,3.3333333333333335,5.0,0.0,0.0,10.0,41.666666666666664
633177294,2020-10-15 18:00:00,Complete,Mobile App,Female,45-54,US-SOUTH-KY,2.3924572,,,,,,Nuclear power,,New vaccine development,,,,Robotics,,,,,,,,,None of the above,,,,,,,None of the above,5,3,4,4,5,Face recognition,Face recognition,13234,11205,9988,6144,4006,3588,4603,6500,6865,26968,SOUTH,KY,1.6666666666666667,3.3333333333333335,10.0,10.0,6.666666666666667,3.3333333333333335,5.0,5.0,6.666666666666667,10.0,61.666666666666664
63369802,2020-10-15 20:00:00,Complete,Mobile App,Male,35-44,US-WEST-OR,0.5247057,,,,Artificial intelligence,Quantum computing,Nuclear power,,,Military drones,,Satellite internet service,Robotics,Facial recognition algorithms,,Genetic engineering,,,Artificial intelligence,,,,,,Self-driving cars,,Robotics,Facial recognition algorithms,,7,5,7,5,3,Surveillance.,Surveillance.,32324,28219,17994,9928,4701,3536,2030,8641,11379,37622,WEST,OR,5.0,6.666666666666667,6.666666666666666,5.0,10.0,6.666666666666667,10.0,3.3333333333333335,3.3333333333333335,10.0,66.66666666666667
683078350,2020-10-14 16:00:00,Complete,Mobile App,Male,35-44,US-WEST-WY,0.5247057,,,,,,,None of the above,,Military drones,,,,Facial recognition algorithms,,Genetic engineering,,Synthetic materials,Artificial intelligence,Quantum computing,Nuclear power,,New vaccine development,,Self-driving cars,Satellite internet service,Robotics,Facial recognition algorithms,,1,1,5,6,3,New nonlethal weapons,New nonlethal weapons,11346,9783,9554,9421,4186,3380,4821,7986,11070,18706,WEST,WY,0.0,3.3333333333333335,1.666666666666666,1.666666666666666,0.0,0.0,6.666666666666667,1.6666666666666667,3.3333333333333335,10.0,28.333333333333332
687373589,2020-10-14 17:00:00,Complete,Mobile App,Female,25-34,US-SOUTH-VA,0.975248,,,,,,,None of the above,,,,,,,None of the above,,,,,,,None of the above,,,,,,,None of the above,1,1,1,5,2,None,None,41998,53590,3824,4639,2968,4189,1704,6845,6011,5777,SOUTH,VA,0.0,0.0,10.0,10.0,0.0,0.0,0.0,3.3333333333333335,1.6666666666666667,0.0,25.0
750048337,2020-10-15 09:00:00,Complete,Mobile App,Female,18-24,US-MIDWEST-WI,0.5471464,Genetic engineering,Brain implants,,,,Nuclear power,,,Military drones,,,,,,Genetic engineering,Brain implants,,Artificial intelligence,,Nuclear power,,New vaccine development,,Self-driving cars,,,Facial recognition algorithms,,2,4,3,5,4,"I am concerned about the algorithms behind internet censoring. It can censor unfairly because of unfair biased programming (eg political, not factual), or the algorithm might get it wrong and censor something it doesn't need to. I am concerned that it takes away freedom of speech...","I am concerned about the algorithms behind internet censoring. It can censor unfairly because of unfair biased programming (eg political, not factual), or the algorithm might get it wrong and censor something it doesn't need to. I am concerned that it takes away freedom of speech...",29907,17416,30850,11761,4560,3247,3702,5011,8503,499083,MIDWEST,WI,5.0,1.6666666666666667,3.333333333333333,5.0,1.6666666666666667,5.0,3.3333333333333335,3.3333333333333335,5.0,10.0,43.33333333333333
750669226,2020-10-14 18:00:00,Complete,Mobile App,Male,18-24,US-WEST-WA,0.4233445,,Brain implants,,,,,,New vaccine development,,Self-driving cars,,,,,,Brain implants,,Artificial intelligence,Quantum computing,,,New vaccine development,,Self-driving cars,Satellite internet service,Robotics,,,4,5,3,5,3,Data selling,Data selling,17737,34532,28100,15869,9893,4522,3949,10356,11028,21009,WEST,WA,1.6666666666666667,3.3333333333333335,5.0,3.333333333333333,5.0,6.666666666666667,3.3333333333333335,3.3333333333333335,3.3333333333333335,10.0,45.0
774569246,2020-10-15 23:00:00,Complete,Mobile App,Male,35-44,US-SOUTH-NC,0.7434415,Genetic engineering,,,Artificial intelligence,Quantum computing,Nuclear power,,New vaccine development,Military drones,,,,,,Genetic engineering,,,Artificial intelligence,,Nuclear power,,New vaccine development,,Self-driving cars,,,Facial recognition algorithms,,4,3,1,5,3,Social media,Social media,11878,9993,7909,9916,12307,4270,2572,9469,10184,13652,SOUTH,NC,6.666666666666667,3.3333333333333335,5.0,5.0,5.0,3.3333333333333335,0.0,3.3333333333333335,3.3333333333333335,10.0,45.0
802305651,2020-10-15 04:00:00,Complete,Mobile App,Male,55-64,US-SOUTH-DC,2.4875123,,,,,,Nuclear power,,New vaccine development,Military drones,,,,,,,,,,,Nuclear power,,New vaccine development,,,,,,,5,3,4,4,4,None,None,17831,15046,13486,10957,5285,4633,5118,12056,10216,12116,SOUTH,DC,1.6666666666666667,3.3333333333333335,8.333333333333334,8.333333333333334,6.666666666666667,3.3333333333333335,5.0,5.0,5.0,0.0,46.66666666666667
820735485,2020-10-14 15:00:00,Complete,Mobile App,Male,25-34,US-NORTHEAST-PA,0.5628772,Genetic engineering,Brain implants,,Artificial intelligence,,,,New vaccine development,Military drones,,,,Facial recognition algorithms,,Genetic engineering,Brain implants,,Artificial intelligence,,Nuclear power,,,,Self-driving cars,,Robotics,Facial recognition algorithms,,5,3,6,5,4,Idk,,28337,9726,18278,10308,6116,8325,2785,7888,4418,33494,NORTHEAST,PA,5.0,5.0,3.333333333333333,5.0,6.666666666666667,3.3333333333333335,8.333333333333334,3.3333333333333335,5.0,10.0,55.0
830954065,2020-10-14 19:00:00,Complete,Mobile App,Male,35-44,US-MIDWEST-NE,0.4866675,Genetic engineering,,,,,,,,,Self-driving cars,,,,,,,,,,,None of the above,,,,,Robotics,,,5,7,5,5,4,None,None,9743,13687,6343,7509,6800,2395,2552,13486,6558,15464,MIDWEST,NE,1.6666666666666667,1.6666666666666667,10.0,8.333333333333334,6.666666666666667,10.0,6.666666666666667,3.3333333333333335,5.0,0.0,53.333333333333336
855806441,2020-10-14 20:00:00,Complete,Mobile App,Female,55-64,US-WEST-HI,2.4463989,Genetic engineering,Brain implants,,Artificial intelligence,,Nuclear power,,New vaccine development,Military drones,Self-driving cars,Satellite internet service,Robotics,Facial recognition algorithms,,,,,,,,None of the above,,,,,,,None of the above,7,5,7,3,6,Tracking of people,Tracking of people,18424,16808,9079,7935,4993,4638,2331,8969,5513,26824,WEST,HI,6.666666666666667,10.0,10.0,10.0,10.0,6.666666666666667,10.0,6.666666666666667,8.333333333333334,10.0,88.33333333333333
876818206,2020-10-15 10:00:00,Complete,Mobile App,Female,18-24,US-SOUTH-TX,0.8358302,,,,,,Nuclear power,,,,,,,,None of the above,,,,,,Nuclear power,,,,,,,,None of the above,3,2,2,4,4,None,None,25484,24966,8294,6945,9062,5589,4776,18109,7669,14951,SOUTH,TX,1.6666666666666667,0.0,8.333333333333334,10.0,3.3333333333333335,1.6666666666666667,1.6666666666666667,5.0,5.0,0.0,36.66666666666667
885178121,2020-10-14 19:00:00,Complete,Mobile App,Female,18-24,US-SOUTH-GA,0.8358302,Genetic engineering,Brain implants,Synthetic materials,,,Nuclear power,,,,,,Robotics,,,Genetic engineering,Brain implants,,,,Nuclear power,,New vaccine development,,Self-driving cars,Satellite internet service,,Facial recognition algorithms,,3,4,2,4,4,Idk,I don't know,13324,13662,12359,7583,5062,3992,2941,7979,9856,13692,SOUTH,GA,6.666666666666667,1.6666666666666667,5.0,3.333333333333333,3.3333333333333335,5.0,1.6666666666666667,5.0,5.0,10.0,46.66666666666667
906194518,2020-10-14 19:00:00,Complete,Mobile App,Male,25-34,US-MIDWEST-WI,0.4581498,,Brain implants,Synthetic materials,,,Nuclear power,,New vaccine development,,Self-driving cars,,,,,,,,,,,None of the above,,,,,,,None of the above,4,5,5,3,3,Social media,Social media,32393,13578,8672,6588,6610,3655,6138,16160,10443,26518,MIDWEST,WI,5.0,3.3333333333333335,10.0,10.0,5.0,6.666666666666667,6.666666666666667,6.666666666666667,3.3333333333333335,10.0,66.66666666666666
937106740,2020-10-15 14:00:00,Complete,Mobile App,Male,25-34,US-WEST-CA,0.4939591,Genetic engineering,,,,,,,,Military drones,,,,,,,,,Artificial intelligence,,,,,,Self-driving cars,,,,,1,1,2,5,2,Social media,Social Media,12170,7801,6105,4364,4892,2111,3684,5642,20758,7483,WEST,CA,1.6666666666666667,1.6666666666666667,8.333333333333334,8.333333333333334,0.0,0.0,1.6666666666666667,3.3333333333333335,1.6666666666666667,10.0,36.66666666666667
970693141,2020-10-15 21:00:00,Complete,Mobile App,Female,25-34,US-MIDWEST-ND,0.6384113,Genetic engineering,,Synthetic materials,Artificial intelligence,Quantum computing,Nuclear power,,,Military drones,Self-driving cars,Satellite internet service,,Facial recognition algorithms,,Genetic engineering,,,Artificial intelligence,Quantum computing,Nuclear power,,,Military drones,Self-driving cars,Satellite internet service,,Facial recognition algorithms,,5,3,5,4,6,Idk,,51601,10801,11877,18372,8709,2831,2729,14657,22176,10821,MIDWEST,ND,8.333333333333334,6.666666666666667,3.333333333333333,3.333333333333333,6.666666666666667,3.3333333333333335,6.666666666666667,5.0,8.333333333333334,10.0,61.666666666666664
97193197,2020-10-14 17:00:00,Complete,Mobile App,Male,18-24,US-MIDWEST-MN,0.3926544,,Brain implants,,,,,,,Military drones,,,,Facial recognition algorithms,,,,,Artificial intelligence,,Nuclear power,,New vaccine development,,Self-driving cars,,,Facial recognition algorithms,,4,3,6,4,4,tracking chips,tracking chips,2294919,33042,5410,7887,4354,3264,2981,8063,3145,12193,MIDWEST,MN,1.6666666666666667,3.3333333333333335,6.666666666666666,5.0,5.0,3.3333333333333335,8.333333333333334,5.0,5.0,10.0,53.33333333333333
976214282,2020-10-15 09:00:00,Complete,Mobile App,Female,25-34,US-WEST-CA,0.6883099,,,,Artificial intelligence,,,,,Military drones,,,,Facial recognition algorithms,,,,Synthetic materials,,,Nuclear power,,,,Self-driving cars,Satellite internet service,,Facial recognition algorithms,,3,5,3,6,4,Social media,Social media,71921,45219,49934,18760,12871,9989,6441,49420,38859,35857,WEST,CA,1.6666666666666667,3.3333333333333335,6.666666666666666,5.0,3.3333333333333335,6.666666666666667,3.3333333333333335,1.6666666666666667,5.0,10.0,46.666666666666664
977134999,2020-10-15 02:00:00,Complete,Mobile App,Female,25-34,US-NORTHEAST-PA,0.7843443,,,,,,,None of the above,,,,,,,None of the above,Genetic engineering,,Synthetic materials,Artificial intelligence,Quantum computing,Nuclear power,,New vaccine development,,,Satellite internet service,Robotics,Facial recognition algorithms,,1,1,1,7,1,Human beings,Human beings,20842,10855,12573,9672,3324,1665,1464,7996,4795,16564,NORTHEAST,PA,0.0,0.0,1.666666666666666,3.333333333333333,0.0,0.0,0.0,0.0,0.0,10.0,15.0
999040020,2020-10-15 09:00:00,Complete,Mobile App,Male,55-64,US-WEST-CO,1.7556349,,,,,,,None of the above,,,,,,Facial recognition algorithms,,,,,,,Nuclear power,,New vaccine development,Military drones,Self-driving cars,Satellite internet service,Robotics,Facial recognition algorithms,,4,4,6,6,3,Automated weapons systems,Automated weapons systems,19776,16919,12652,27896,12802,6298,5668,11377,14113,71373,WEST,CO,0.0,1.6666666666666667,8.333333333333334,0.0,5.0,5.0,8.333333333333334,1.6666666666666667,3.3333333333333335,10.0,43.333333333333336
